student_id,student_code,first_name,last_name,date_of_birth,school_code,school_name
10001,STU-0001,Linda,Martin,2006-08-27,SCH-005,Capital High
10002,STU-0002,Joseph,Johnson,2009-03-09,SCH-020,Elmwood High
10003,STU-0003,James,Brown,2011-01-25,SCH-018,Sunnydale High
10004,STU-0004,Robert,Martinez,2011-04-12,SCH-014,Oakdale High
10005,STU-0005,Jessica,Moore,2005-05-10,SCH-006,Westport High
10006,STU-0006,David,Taylor,2011-06-15,SCH-011,Lakeside High
10007,STU-0007,Mary,Smith,2009-03-25,SCH-013,Millbrook High
10008,STU-0008,Mary,Johnson,2008-01-17,SCH-001,Springfield High
10009,STU-0009,Jennifer,Gonzalez,2009-01-10,SCH-008,Hillwood High
10010,STU-0010,Thomas,Brown,2009-10-26,SCH-001,Springfield High
10011,STU-0011,Sarah,Lopez,2006-07-25,SCH-002,Shelbyville High
10012,STU-0012,Elizabeth,Martinez,2011-05-09,SCH-010,Kingsport High
10013,STU-0013,Richard,Taylor,2012-11-02,SCH-014,Oakdale High
10014,STU-0014,David,Brown,2006-03-10,SCH-018,Sunnydale High
10015,STU-0015,Linda,Smith,2007-06-10,SCH-014,Oakdale High
10016,STU-0016,Susan,Moore,2005-06-07,SCH-019,Crestwood High
10017,STU-0017,Jennifer,Garcia,2008-06-27,SCH-013,Millbrook High
10018,STU-0018,Michael,Anderson,2010-05-23,SCH-009,Fairview High
10019,STU-0019,Barbara,Jones,2007-10-12,SCH-002,Shelbyville High
10020,STU-0020,Jessica,Moore,2009-09-24,SCH-011,Lakeside High
10021,STU-0021,Elizabeth,Jackson,2006-02-07,SCH-018,Sunnydale High
10022,STU-0022,William,Williams,2007-04-13,SCH-001,Springfield High
10023,STU-0023,James,Wilson,2011-04-24,SCH-011,Lakeside High
10024,STU-0024,Robert,Miller,2006-01-10,SCH-019,Crestwood High
10025,STU-0025,William,Anderson,2006-04-16,SCH-008,Hillwood High
10026,STU-0026,Linda,Jackson,2006-12-19,SCH-010,Kingsport High
10027,STU-0027,Mary,Thomas,2012-06-17,SCH-006,Westport High
10028,STU-0028,Karen,Martinez,2009-02-12,SCH-001,Springfield High
10029,STU-0029,Patricia,Rodriguez,2007-03-07,SCH-020,Elmwood High
10030,STU-0030,Charles,Rodriguez,2007-05-25,SCH-017,Fernwood High
10031,STU-0031,William,Johnson,2005-02-03,SCH-004,NorthHaverbrook High
10032,STU-0032,Susan,Hernandez,2011-12-27,SCH-020,Elmwood High
10033,STU-0033,Karen,Hernandez,2005-08-21,SCH-010,Kingsport High
10034,STU-0034,William,Miller,2009-11-14,SCH-008,Hillwood High
10035,STU-0035,Jennifer,Martinez,2009-07-06,SCH-004,NorthHaverbrook High
10036,STU-0036,David,Taylor,2007-02-25,SCH-012,Riverdale High
10037,STU-0037,Mary,Anderson,2009-11-23,SCH-003,Ogdenville High
10038,STU-0038,Joseph,Lopez,2010-06-15,SCH-009,Fairview High
10039,STU-0039,Joseph,Rodriguez,2007-12-13,SCH-014,Oakdale High
10040,STU-0040,Karen,Anderson,2011-01-26,SCH-004,NorthHaverbrook High
10041,STU-0041,John,Moore,2007-06-22,SCH-006,Westport High
10042,STU-0042,Michael,Martin,2009-07-23,SCH-007,Ridgemont High
10043,STU-0043,Sarah,Garcia,2012-06-02,SCH-018,Sunnydale High
10044,STU-0044,Thomas,Johnson,2005-06-15,SCH-009,Fairview High
10045,STU-0045,Robert,Johnson,2012-03-18,SCH-007,Ridgemont High
10046,STU-0046,Jennifer,Williams,2012-03-24,SCH-011,Lakeside High
10047,STU-0047,Sarah,Martinez,2007-11-03,SCH-018,Sunnydale High
10048,STU-0048,William,Gonzalez,2005-03-25,SCH-020,Elmwood High
10049,STU-0049,Karen,Jones,2011-07-21,SCH-009,Fairview High
10050,STU-0050,Karen,Rodriguez,2011-10-24,SCH-011,Lakeside High
10051,STU-0051,Mary,Jones,2006-07-25,SCH-002,Shelbyville High
10052,STU-0052,Richard,Williams,2011-07-02,SCH-018,Sunnydale High
10053,STU-0053,Susan,Garcia,2005-01-05,SCH-017,Fernwood High
10054,STU-0054,Karen,Rodriguez,2008-01-09,SCH-012,Riverdale High
10055,STU-0055,Mary,Jones,2008-08-25,SCH-007,Ridgemont High
10056,STU-0056,David,Miller,2009-09-20,SCH-019,Crestwood High
10057,STU-0057,Mary,Jackson,2008-02-22,SCH-006,Westport High
10058,STU-0058,Sarah,Jackson,2011-12-07,SCH-002,Shelbyville High
10059,STU-0059,Patricia,Gonzalez,2010-03-15,SCH-015,Brookfield High
10060,STU-0060,Sarah,Rodriguez,2010-04-28,SCH-006,Westport High
10061,STU-0061,Charles,Jones,2012-01-09,SCH-018,Sunnydale High
10062,STU-0062,Jessica,Rodriguez,2005-07-11,SCH-010,Kingsport High
10063,STU-0063,Jennifer,Lopez,2012-11-22,SCH-011,Lakeside High
10064,STU-0064,Elizabeth,Martinez,2007-04-21,SCH-018,Sunnydale High
10065,STU-0065,Jessica,Moore,2011-01-13,SCH-001,Springfield High
10066,STU-0066,William,Johnson,2012-05-23,SCH-012,Riverdale High
10067,STU-0067,Thomas,Brown,2006-08-04,SCH-016,Greendale High
10068,STU-0068,Susan,Anderson,2010-02-06,SCH-014,Oakdale High
10069,STU-0069,Linda,Davis,2006-10-27,SCH-015,Brookfield High
10070,STU-0070,James,Martinez,2007-02-06,SCH-008,Hillwood High
10071,STU-0071,Karen,Jackson,2011-02-15,SCH-017,Fernwood High
10072,STU-0072,John,Garcia,2005-07-02,SCH-005,Capital High
10073,STU-0073,Thomas,Wilson,2006-07-13,SCH-012,Riverdale High
10074,STU-0074,Patricia,Thomas,2006-09-07,SCH-014,Oakdale High
10075,STU-0075,Susan,Smith,2010-02-18,SCH-018,Sunnydale High
10076,STU-0076,Barbara,Lopez,2007-04-01,SCH-016,Greendale High
10077,STU-0077,Barbara,Thomas,2006-12-28,SCH-016,Greendale High
10078,STU-0078,Sarah,Miller,2010-11-25,SCH-003,Ogdenville High
10079,STU-0079,Elizabeth,Jones,2007-02-12,SCH-012,Riverdale High
10080,STU-0080,Michael,Anderson,2007-04-12,SCH-012,Riverdale High
10081,STU-0081,Patricia,Davis,2005-11-11,SCH-017,Fernwood High
10082,STU-0082,Patricia,Gonzalez,2005-09-13,SCH-020,Elmwood High
10083,STU-0083,Mary,Williams,2010-07-28,SCH-007,Ridgemont High
10084,STU-0084,Robert,Gonzalez,2011-10-16,SCH-009,Fairview High
10085,STU-0085,Linda,Garcia,2005-05-21,SCH-018,Sunnydale High
10086,STU-0086,Elizabeth,Taylor,2010-04-08,SCH-009,Fairview High
10087,STU-0087,Susan,Garcia,2012-06-14,SCH-013,Millbrook High
10088,STU-0088,Sarah,Williams,2006-06-07,SCH-004,NorthHaverbrook High
10089,STU-0089,Mary,Martinez,2010-03-13,SCH-007,Ridgemont High
10090,STU-0090,Linda,Thomas,2006-11-16,SCH-008,Hillwood High
10091,STU-0091,Michael,Garcia,2007-06-06,SCH-005,Capital High
10092,STU-0092,Thomas,Anderson,2007-03-11,SCH-001,Springfield High
10093,STU-0093,Thomas,Jackson,2006-10-01,SCH-004,NorthHaverbrook High
10094,STU-0094,Sarah,Taylor,2007-07-09,SCH-001,Springfield High
10095,STU-0095,James,Anderson,2009-01-28,SCH-014,Oakdale High
10096,STU-0096,Michael,Gonzalez,2011-05-08,SCH-013,Millbrook High
10097,STU-0097,Robert,Jackson,2011-03-22,SCH-016,Greendale High
10098,STU-0098,Patricia,Lopez,2008-03-11,SCH-005,Capital High
10099,STU-0099,John,Davis,2011-04-26,SCH-012,Riverdale High
10100,STU-0100,Susan,Moore,2009-09-06,SCH-012,Riverdale High
10101,STU-0101,Linda,Johnson,2009-07-13,SCH-016,Greendale High
10102,STU-0102,Richard,Johnson,2012-11-03,SCH-016,Greendale High
10103,STU-0103,Richard,Davis,2009-03-26,SCH-009,Fairview High
10104,STU-0104,James,Jackson,2011-09-23,SCH-006,Westport High
10105,STU-0105,Patricia,Martinez,2011-02-11,SCH-007,Ridgemont High
10106,STU-0106,Thomas,Jackson,2010-10-18,SCH-011,Lakeside High
10107,STU-0107,Susan,Thomas,2011-06-15,SCH-011,Lakeside High
10108,STU-0108,David,Miller,2006-02-18,SCH-014,Oakdale High
10109,STU-0109,Karen,Davis,2009-07-22,SCH-013,Millbrook High
10110,STU-0110,Charles,Lopez,2009-09-12,SCH-011,Lakeside High
10111,STU-0111,William,Thomas,2011-07-28,SCH-007,Ridgemont High
10112,STU-0112,Michael,Hernandez,2012-10-23,SCH-008,Hillwood High
10113,STU-0113,Jessica,Martinez,2007-04-08,SCH-010,Kingsport High
10114,STU-0114,David,Martin,2011-09-24,SCH-011,Lakeside High
10115,STU-0115,Jennifer,Brown,2005-09-15,SCH-001,Springfield High
10116,STU-0116,Sarah,Anderson,2011-08-16,SCH-005,Capital High
10117,STU-0117,Barbara,Jackson,2006-08-15,SCH-005,Capital High
10118,STU-0118,Charles,Johnson,2005-11-19,SCH-012,Riverdale High
10119,STU-0119,Jessica,Moore,2005-10-26,SCH-017,Fernwood High
10120,STU-0120,Joseph,Rodriguez,2009-04-20,SCH-013,Millbrook High
10121,STU-0121,John,Rodriguez,2005-02-19,SCH-006,Westport High
10122,STU-0122,Linda,Martin,2009-03-19,SCH-008,Hillwood High
10123,STU-0123,Elizabeth,Brown,2009-06-15,SCH-016,Greendale High
10124,STU-0124,Barbara,Jones,2006-09-02,SCH-004,NorthHaverbrook High
10125,STU-0125,Thomas,Williams,2008-10-07,SCH-011,Lakeside High
10126,STU-0126,Joseph,Taylor,2012-01-13,SCH-001,Springfield High
10127,STU-0127,Michael,Gonzalez,2012-08-04,SCH-009,Fairview High
10128,STU-0128,Karen,Wilson,2005-10-20,SCH-002,Shelbyville High
10129,STU-0129,Barbara,Moore,2008-02-22,SCH-005,Capital High
10130,STU-0130,Barbara,Thomas,2006-12-21,SCH-007,Ridgemont High
10131,STU-0131,Sarah,Hernandez,2012-01-26,SCH-005,Capital High
10132,STU-0132,Jessica,Rodriguez,2006-10-19,SCH-019,Crestwood High
10133,STU-0133,Susan,Brown,2007-11-12,SCH-008,Hillwood High
10134,STU-0134,Susan,Johnson,2007-09-03,SCH-010,Kingsport High
10135,STU-0135,Karen,Garcia,2007-07-06,SCH-016,Greendale High
10136,STU-0136,Michael,Lopez,2010-01-08,SCH-011,Lakeside High
10137,STU-0137,James,Johnson,2009-06-17,SCH-003,Ogdenville High
10138,STU-0138,Richard,Hernandez,2011-04-08,SCH-004,NorthHaverbrook High
10139,STU-0139,Linda,Taylor,2006-02-22,SCH-017,Fernwood High
10140,STU-0140,Karen,Gonzalez,2006-02-21,SCH-005,Capital High
10141,STU-0141,Susan,Anderson,2006-08-21,SCH-011,Lakeside High
10142,STU-0142,John,Miller,2007-04-16,SCH-016,Greendale High
10143,STU-0143,David,Miller,2006-09-22,SCH-017,Fernwood High
10144,STU-0144,Joseph,Jones,2009-08-07,SCH-001,Springfield High
10145,STU-0145,Karen,Taylor,2011-05-20,SCH-009,Fairview High
10146,STU-0146,Charles,Anderson,2011-02-28,SCH-019,Crestwood High
10147,STU-0147,Elizabeth,Smith,2007-02-13,SCH-010,Kingsport High
10148,STU-0148,Jessica,Martin,2011-03-16,SCH-016,Greendale High
10149,STU-0149,Joseph,Martinez,2010-01-09,SCH-014,Oakdale High
10150,STU-0150,David,Thomas,2008-12-11,SCH-017,Fernwood High
10151,STU-0151,William,Jackson,2006-01-02,SCH-004,NorthHaverbrook High
10152,STU-0152,Elizabeth,Smith,2007-05-11,SCH-010,Kingsport High
10153,STU-0153,Sarah,Jones,2005-07-27,SCH-002,Shelbyville High
10154,STU-0154,Richard,Johnson,2006-10-25,SCH-013,Millbrook High
10155,STU-0155,Thomas,Williams,2006-12-21,SCH-002,Shelbyville High
10156,STU-0156,Joseph,Thomas,2005-06-01,SCH-010,Kingsport High
10157,STU-0157,Michael,Thomas,2009-03-05,SCH-004,NorthHaverbrook High
10158,STU-0158,Charles,Hernandez,2006-03-18,SCH-011,Lakeside High
10159,STU-0159,William,Wilson,2005-07-10,SCH-005,Capital High
10160,STU-0160,Elizabeth,Brown,2007-08-22,SCH-011,Lakeside High
10161,STU-0161,Richard,Martinez,2007-05-14,SCH-006,Westport High
10162,STU-0162,Elizabeth,Smith,2008-06-08,SCH-016,Greendale High
10163,STU-0163,Thomas,Anderson,2012-08-19,SCH-007,Ridgemont High
10164,STU-0164,Jessica,Brown,2006-10-12,SCH-018,Sunnydale High
10165,STU-0165,Mary,Moore,2011-05-03,SCH-018,Sunnydale High
10166,STU-0166,James,Rodriguez,2011-12-20,SCH-004,NorthHaverbrook High
10167,STU-0167,Mary,Garcia,2009-06-22,SCH-016,Greendale High
10168,STU-0168,Sarah,Hernandez,2008-05-18,SCH-017,Fernwood High
10169,STU-0169,David,Martin,2009-03-15,SCH-011,Lakeside High
10170,STU-0170,William,Martin,2008-09-06,SCH-016,Greendale High
10171,STU-0171,James,Taylor,2012-05-23,SCH-015,Brookfield High
10172,STU-0172,Michael,Garcia,2006-06-05,SCH-016,Greendale High
10173,STU-0173,Robert,Lopez,2008-03-22,SCH-017,Fernwood High
10174,STU-0174,Joseph,Brown,2005-12-21,SCH-011,Lakeside High
10175,STU-0175,Robert,Moore,2011-09-16,SCH-008,Hillwood High
10176,STU-0176,James,Jones,2006-02-23,SCH-011,Lakeside High
10177,STU-0177,Joseph,Miller,2005-04-16,SCH-015,Brookfield High
10178,STU-0178,Elizabeth,Hernandez,2009-11-14,SCH-017,Fernwood High
10179,STU-0179,Jennifer,Martin,2008-07-04,SCH-011,Lakeside High
10180,STU-0180,Patricia,Rodriguez,2011-06-19,SCH-003,Ogdenville High
10181,STU-0181,Sarah,Anderson,2009-11-05,SCH-013,Millbrook High
10182,STU-0182,Susan,Lopez,2007-03-27,SCH-020,Elmwood High
10183,STU-0183,Karen,Hernandez,2007-03-22,SCH-014,Oakdale High
10184,STU-0184,Charles,Davis,2006-12-13,SCH-015,Brookfield High
10185,STU-0185,Mary,Gonzalez,2005-09-05,SCH-001,Springfield High
10186,STU-0186,David,Jackson,2005-05-17,SCH-013,Millbrook High
10187,STU-0187,Jessica,Anderson,2012-02-15,SCH-010,Kingsport High
10188,STU-0188,Jessica,Lopez,2009-11-06,SCH-007,Ridgemont High
10189,STU-0189,Sarah,Taylor,2012-04-14,SCH-015,Brookfield High
10190,STU-0190,Patricia,Smith,2006-01-27,SCH-017,Fernwood High
10191,STU-0191,Sarah,Martin,2008-01-01,SCH-007,Ridgemont High
10192,STU-0192,Elizabeth,Thomas,2010-08-26,SCH-012,Riverdale High
10193,STU-0193,Mary,Martinez,2010-07-16,SCH-002,Shelbyville High
10194,STU-0194,David,Davis,2007-09-07,SCH-016,Greendale High
10195,STU-0195,James,Rodriguez,2011-11-18,SCH-012,Riverdale High
10196,STU-0196,Karen,Moore,2011-10-23,SCH-003,Ogdenville High
10197,STU-0197,Joseph,Lopez,2009-09-04,SCH-011,Lakeside High
10198,STU-0198,Joseph,Brown,2008-06-16,SCH-006,Westport High
10199,STU-0199,Patricia,Martin,2011-12-28,SCH-001,Springfield High
10200,STU-0200,William,Thomas,2010-10-05,SCH-008,Hillwood High
10201,STU-0201,Susan,Wilson,2005-05-20,SCH-020,Elmwood High
10202,STU-0202,Karen,Williams,2005-05-01,SCH-012,Riverdale High
10203,STU-0203,Charles,Martinez,2011-02-05,SCH-008,Hillwood High
10204,STU-0204,William,Jones,2011-07-24,SCH-012,Riverdale High
10205,STU-0205,Patricia,Smith,2010-04-11,SCH-008,Hillwood High
10206,STU-0206,Sarah,Taylor,2011-05-21,SCH-008,Hillwood High
10207,STU-0207,Barbara,Jones,2008-08-09,SCH-015,Brookfield High
10208,STU-0208,James,Brown,2007-04-23,SCH-013,Millbrook High
10209,STU-0209,Mary,Miller,2011-04-17,SCH-001,Springfield High
10210,STU-0210,Joseph,Taylor,2012-09-17,SCH-009,Fairview High
10211,STU-0211,Joseph,Moore,2008-01-20,SCH-015,Brookfield High
10212,STU-0212,Robert,Jones,2005-07-05,SCH-017,Fernwood High
10213,STU-0213,Elizabeth,Johnson,2005-12-21,SCH-018,Sunnydale High
10214,STU-0214,Sarah,Hernandez,2009-02-23,SCH-019,Crestwood High
10215,STU-0215,Jennifer,Hernandez,2009-09-06,SCH-020,Elmwood High
10216,STU-0216,Sarah,Miller,2005-09-27,SCH-016,Greendale High
10217,STU-0217,Thomas,Davis,2007-03-23,SCH-008,Hillwood High
10218,STU-0218,Richard,Smith,2005-12-19,SCH-020,Elmwood High
10219,STU-0219,Mary,Moore,2012-04-20,SCH-002,Shelbyville High
10220,STU-0220,Joseph,Jackson,2007-11-21,SCH-001,Springfield High
10221,STU-0221,Susan,Lopez,2011-05-11,SCH-012,Riverdale High
10222,STU-0222,Jessica,Garcia,2009-04-11,SCH-006,Westport High
10223,STU-0223,David,Gonzalez,2010-12-15,SCH-009,Fairview High
10224,STU-0224,Barbara,Johnson,2009-11-13,SCH-013,Millbrook High
10225,STU-0225,Mary,Moore,2012-02-23,SCH-012,Riverdale High
10226,STU-0226,Charles,Gonzalez,2006-07-04,SCH-007,Ridgemont High
10227,STU-0227,Joseph,Taylor,2010-11-14,SCH-006,Westport High
10228,STU-0228,Michael,Wilson,2011-10-04,SCH-016,Greendale High
10229,STU-0229,John,Davis,2005-03-03,SCH-020,Elmwood High
10230,STU-0230,Michael,Smith,2009-02-18,SCH-009,Fairview High
10231,STU-0231,Karen,Gonzalez,2011-10-28,SCH-006,Westport High
10232,STU-0232,David,Davis,2009-02-02,SCH-015,Brookfield High
10233,STU-0233,Patricia,Martin,2012-10-16,SCH-013,Millbrook High
10234,STU-0234,Jennifer,Johnson,2007-09-26,SCH-015,Brookfield High
10235,STU-0235,Robert,Brown,2012-10-28,SCH-003,Ogdenville High
10236,STU-0236,Mary,Jackson,2007-03-27,SCH-010,Kingsport High
10237,STU-0237,David,Johnson,2010-08-22,SCH-014,Oakdale High
10238,STU-0238,Robert,Miller,2010-07-24,SCH-013,Millbrook High
10239,STU-0239,James,Martinez,2011-03-14,SCH-007,Ridgemont High
10240,STU-0240,John,Wilson,2008-01-02,SCH-018,Sunnydale High
10241,STU-0241,Elizabeth,Wilson,2006-09-02,SCH-006,Westport High
10242,STU-0242,Robert,Brown,2011-09-23,SCH-010,Kingsport High
10243,STU-0243,Karen,Rodriguez,2012-09-07,SCH-001,Springfield High
10244,STU-0244,Richard,Jones,2009-12-24,SCH-016,Greendale High
10245,STU-0245,Richard,Davis,2011-02-07,SCH-019,Crestwood High
10246,STU-0246,Karen,Garcia,2007-11-13,SCH-007,Ridgemont High
10247,STU-0247,William,Hernandez,2006-05-05,SCH-019,Crestwood High
10248,STU-0248,Sarah,Jones,2012-12-16,SCH-010,Kingsport High
10249,STU-0249,Joseph,Lopez,2007-12-04,SCH-007,Ridgemont High
10250,STU-0250,Charles,Thomas,2007-04-23,SCH-007,Ridgemont High
10251,STU-0251,Joseph,Smith,2008-08-12,SCH-010,Kingsport High
10252,STU-0252,Sarah,Brown,2012-09-14,SCH-018,Sunnydale High
10253,STU-0253,Patricia,Jackson,2007-04-10,SCH-008,Hillwood High
10254,STU-0254,Sarah,Miller,2008-08-25,SCH-014,Oakdale High
10255,STU-0255,Charles,Thomas,2008-12-13,SCH-018,Sunnydale High
10256,STU-0256,Charles,Jackson,2006-08-12,SCH-002,Shelbyville High
10257,STU-0257,Susan,Martinez,2009-09-27,SCH-004,NorthHaverbrook High
10258,STU-0258,Jessica,Rodriguez,2007-02-21,SCH-009,Fairview High
10259,STU-0259,Michael,Brown,2011-04-25,SCH-009,Fairview High
10260,STU-0260,Jessica,Johnson,2007-08-25,SCH-001,Springfield High
10261,STU-0261,Karen,Moore,2012-02-24,SCH-012,Riverdale High
10262,STU-0262,Richard,Miller,2010-01-25,SCH-012,Riverdale High
10263,STU-0263,Robert,Davis,2012-10-27,SCH-010,Kingsport High
10264,STU-0264,John,Moore,2010-03-10,SCH-002,Shelbyville High
10265,STU-0265,Barbara,Jackson,2009-11-25,SCH-020,Elmwood High
10266,STU-0266,Jennifer,Moore,2011-01-17,SCH-012,Riverdale High
10267,STU-0267,David,Moore,2006-03-18,SCH-013,Millbrook High
10268,STU-0268,Sarah,Wilson,2010-01-04,SCH-012,Riverdale High
10269,STU-0269,Jennifer,Taylor,2006-02-05,SCH-005,Capital High
10270,STU-0270,James,Martin,2006-07-09,SCH-005,Capital High
10271,STU-0271,Robert,Miller,2006-05-06,SCH-014,Oakdale High
10272,STU-0272,Jessica,Taylor,2009-12-21,SCH-013,Millbrook High
10273,STU-0273,Linda,Lopez,2009-08-12,SCH-011,Lakeside High
10274,STU-0274,Thomas,Lopez,2008-07-04,SCH-010,Kingsport High
10275,STU-0275,David,Wilson,2007-04-20,SCH-017,Fernwood High
10276,STU-0276,David,Hernandez,2006-03-03,SCH-007,Ridgemont High
10277,STU-0277,Patricia,Jackson,2010-05-23,SCH-001,Springfield High
10278,STU-0278,Jessica,Williams,2007-10-24,SCH-006,Westport High
10279,STU-0279,John,Lopez,2005-10-08,SCH-005,Capital High
10280,STU-0280,Sarah,Brown,2011-05-09,SCH-006,Westport High
10281,STU-0281,Patricia,Martin,2006-06-09,SCH-020,Elmwood High
10282,STU-0282,Richard,Hernandez,2009-05-01,SCH-020,Elmwood High
10283,STU-0283,Mary,Gonzalez,2011-01-11,SCH-011,Lakeside High
10284,STU-0284,James,Brown,2007-08-01,SCH-011,Lakeside High
10285,STU-0285,Sarah,Martin,2006-11-05,SCH-008,Hillwood High
10286,STU-0286,Linda,Thomas,2008-12-16,SCH-017,Fernwood High
10287,STU-0287,Mary,Jones,2008-07-19,SCH-011,Lakeside High
10288,STU-0288,John,Davis,2011-01-08,SCH-001,Springfield High
10289,STU-0289,Barbara,Hernandez,2007-04-18,SCH-007,Ridgemont High
10290,STU-0290,David,Davis,2011-05-28,SCH-018,Sunnydale High
10291,STU-0291,Jessica,Thomas,2010-04-23,SCH-019,Crestwood High
10292,STU-0292,Linda,Lopez,2009-07-08,SCH-013,Millbrook High
10293,STU-0293,William,Williams,2006-09-05,SCH-002,Shelbyville High
10294,STU-0294,Karen,Johnson,2007-11-01,SCH-005,Capital High
10295,STU-0295,Thomas,Thomas,2009-04-02,SCH-004,NorthHaverbrook High
10296,STU-0296,Jennifer,Johnson,2008-09-28,SCH-020,Elmwood High
10297,STU-0297,Thomas,Miller,2009-10-28,SCH-001,Springfield High
10298,STU-0298,Michael,Martinez,2010-09-23,SCH-010,Kingsport High
10299,STU-0299,Sarah,Jackson,2006-04-26,SCH-002,Shelbyville High
10300,STU-0300,Richard,Williams,2006-09-13,SCH-020,Elmwood High
10301,STU-0301,Mary,Davis,2010-05-25,SCH-010,Kingsport High
10302,STU-0302,Thomas,Davis,2011-08-10,SCH-005,Capital High
10303,STU-0303,Robert,Davis,2007-10-05,SCH-006,Westport High
10304,STU-0304,Susan,Martinez,2011-09-18,SCH-016,Greendale High
10305,STU-0305,Barbara,Jones,2008-10-02,SCH-012,Riverdale High
10306,STU-0306,Barbara,Martinez,2009-05-15,SCH-013,Millbrook High
10307,STU-0307,Karen,Martinez,2010-11-26,SCH-014,Oakdale High
10308,STU-0308,Susan,Johnson,2011-11-07,SCH-010,Kingsport High
10309,STU-0309,Joseph,Brown,2009-02-27,SCH-020,Elmwood High
10310,STU-0310,Elizabeth,Jones,2010-11-10,SCH-008,Hillwood High
10311,STU-0311,John,Jones,2006-02-07,SCH-001,Springfield High
10312,STU-0312,Elizabeth,Anderson,2007-07-01,SCH-010,Kingsport High
10313,STU-0313,Charles,Gonzalez,2009-09-23,SCH-006,Westport High
10314,STU-0314,Charles,Jackson,2012-11-18,SCH-013,Millbrook High
10315,STU-0315,John,Johnson,2011-10-17,SCH-020,Elmwood High
10316,STU-0316,Sarah,Jackson,2012-03-25,SCH-002,Shelbyville High
10317,STU-0317,Charles,Smith,2010-03-09,SCH-012,Riverdale High
10318,STU-0318,Barbara,Brown,2008-12-15,SCH-007,Ridgemont High
10319,STU-0319,Jessica,Miller,2010-09-25,SCH-016,Greendale High
10320,STU-0320,Jennifer,Taylor,2010-06-28,SCH-004,NorthHaverbrook High
10321,STU-0321,Elizabeth,Lopez,2012-01-24,SCH-011,Lakeside High
10322,STU-0322,David,Brown,2005-11-06,SCH-008,Hillwood High
10323,STU-0323,Barbara,Jones,2011-12-25,SCH-008,Hillwood High
10324,STU-0324,Thomas,Martin,2008-08-27,SCH-012,Riverdale High
10325,STU-0325,Elizabeth,Anderson,2010-01-15,SCH-019,Crestwood High
10326,STU-0326,Michael,Brown,2010-06-05,SCH-014,Oakdale High
10327,STU-0327,Charles,Lopez,2011-12-12,SCH-001,Springfield High
10328,STU-0328,Richard,Lopez,2006-06-12,SCH-004,NorthHaverbrook High
10329,STU-0329,Charles,Jackson,2006-02-13,SCH-015,Brookfield High
10330,STU-0330,Jennifer,Anderson,2012-02-03,SCH-007,Ridgemont High
10331,STU-0331,Jessica,Johnson,2012-01-10,SCH-006,Westport High
10332,STU-0332,James,Gonzalez,2006-11-23,SCH-017,Fernwood High
10333,STU-0333,Joseph,Davis,2008-02-08,SCH-005,Capital High
10334,STU-0334,David,Jones,2005-07-15,SCH-013,Millbrook High
10335,STU-0335,Linda,Wilson,2005-05-23,SCH-017,Fernwood High
10336,STU-0336,Karen,Martinez,2011-01-27,SCH-018,Sunnydale High
10337,STU-0337,Jessica,Brown,2011-03-19,SCH-018,Sunnydale High
10338,STU-0338,Patricia,Martinez,2010-05-19,SCH-002,Shelbyville High
10339,STU-0339,Jessica,Martinez,2011-03-16,SCH-002,Shelbyville High
10340,STU-0340,Barbara,Wilson,2011-03-18,SCH-014,Oakdale High
10341,STU-0341,Patricia,Jackson,2011-06-02,SCH-018,Sunnydale High
10342,STU-0342,Karen,Anderson,2007-12-07,SCH-002,Shelbyville High
10343,STU-0343,Jessica,Thomas,2011-06-28,SCH-016,Greendale High
10344,STU-0344,Charles,Miller,2012-03-01,SCH-010,Kingsport High
10345,STU-0345,Karen,Brown,2010-11-02,SCH-018,Sunnydale High
10346,STU-0346,Jennifer,Jones,2007-09-26,SCH-012,Riverdale High
10347,STU-0347,Jennifer,Hernandez,2012-04-16,SCH-017,Fernwood High
10348,STU-0348,Barbara,Miller,2006-02-02,SCH-017,Fernwood High
10349,STU-0349,Patricia,Wilson,2008-06-14,SCH-004,NorthHaverbrook High
10350,STU-0350,Richard,Thomas,2012-10-17,SCH-008,Hillwood High
10351,STU-0351,James,Taylor,2009-01-02,SCH-020,Elmwood High
10352,STU-0352,Robert,Garcia,2009-07-02,SCH-018,Sunnydale High
10353,STU-0353,Jennifer,Jones,2012-01-05,SCH-016,Greendale High
10354,STU-0354,Barbara,Wilson,2007-01-01,SCH-020,Elmwood High
10355,STU-0355,John,Davis,2008-07-15,SCH-015,Brookfield High
10356,STU-0356,Thomas,Anderson,2008-04-18,SCH-020,Elmwood High
10357,STU-0357,James,Lopez,2012-11-19,SCH-018,Sunnydale High
10358,STU-0358,Sarah,Brown,2007-08-18,SCH-020,Elmwood High
10359,STU-0359,Sarah,Jackson,2006-08-20,SCH-003,Ogdenville High
10360,STU-0360,Robert,Brown,2007-08-06,SCH-012,Riverdale High
10361,STU-0361,Elizabeth,Jackson,2012-12-19,SCH-008,Hillwood High
10362,STU-0362,Sarah,Moore,2008-08-01,SCH-004,NorthHaverbrook High
10363,STU-0363,William,Rodriguez,2007-04-14,SCH-016,Greendale High
10364,STU-0364,Richard,Miller,2008-03-18,SCH-008,Hillwood High
10365,STU-0365,Mary,Brown,2006-07-24,SCH-013,Millbrook High
10366,STU-0366,Barbara,Johnson,2006-05-19,SCH-007,Ridgemont High
10367,STU-0367,Karen,Hernandez,2011-05-09,SCH-017,Fernwood High
10368,STU-0368,Joseph,Brown,2007-02-22,SCH-002,Shelbyville High
10369,STU-0369,Michael,Davis,2012-09-11,SCH-017,Fernwood High
10370,STU-0370,Robert,Taylor,2009-09-12,SCH-017,Fernwood High
10371,STU-0371,Linda,Davis,2009-01-27,SCH-016,Greendale High
10372,STU-0372,John,Moore,2006-05-16,SCH-014,Oakdale High
10373,STU-0373,Joseph,Williams,2012-11-11,SCH-018,Sunnydale High
10374,STU-0374,Richard,Miller,2005-09-06,SCH-014,Oakdale High
10375,STU-0375,Robert,Jackson,2008-07-04,SCH-019,Crestwood High
10376,STU-0376,Jessica,Anderson,2006-11-12,SCH-004,NorthHaverbrook High
10377,STU-0377,Robert,Martinez,2009-08-14,SCH-002,Shelbyville High
10378,STU-0378,Richard,Martinez,2009-03-15,SCH-016,Greendale High
10379,STU-0379,Jessica,Martinez,2005-05-11,SCH-006,Westport High
10380,STU-0380,Joseph,Taylor,2009-03-14,SCH-017,Fernwood High
10381,STU-0381,Joseph,Hernandez,2009-01-21,SCH-007,Ridgemont High
10382,STU-0382,Mary,Anderson,2011-01-13,SCH-001,Springfield High
10383,STU-0383,Linda,Miller,2009-01-15,SCH-014,Oakdale High
10384,STU-0384,Joseph,Thomas,2006-11-09,SCH-016,Greendale High
10385,STU-0385,Thomas,Martinez,2012-12-28,SCH-010,Kingsport High
10386,STU-0386,Michael,Gonzalez,2010-12-27,SCH-017,Fernwood High
10387,STU-0387,Elizabeth,Williams,2006-08-11,SCH-005,Capital High
10388,STU-0388,David,Miller,2009-12-12,SCH-016,Greendale High
10389,STU-0389,Robert,Wilson,2005-08-23,SCH-007,Ridgemont High
10390,STU-0390,Elizabeth,Williams,2005-02-02,SCH-010,Kingsport High
10391,STU-0391,Linda,Brown,2010-02-19,SCH-001,Springfield High
10392,STU-0392,Jennifer,Hernandez,2011-08-16,SCH-011,Lakeside High
10393,STU-0393,James,Smith,2008-03-21,SCH-017,Fernwood High
10394,STU-0394,David,Taylor,2009-10-05,SCH-005,Capital High
10395,STU-0395,Mary,Miller,2012-12-05,SCH-005,Capital High
10396,STU-0396,Patricia,Taylor,2010-05-13,SCH-004,NorthHaverbrook High
10397,STU-0397,William,Jones,2009-03-25,SCH-010,Kingsport High
10398,STU-0398,Jessica,Hernandez,2011-09-02,SCH-004,NorthHaverbrook High
10399,STU-0399,Patricia,Lopez,2007-08-02,SCH-014,Oakdale High
10400,STU-0400,Linda,Johnson,2011-05-10,SCH-007,Ridgemont High
10401,STU-0401,Thomas,Taylor,2008-01-25,SCH-012,Riverdale High
10402,STU-0402,Michael,Brown,2012-03-19,SCH-005,Capital High
10403,STU-0403,Elizabeth,Gonzalez,2008-10-24,SCH-008,Hillwood High
10404,STU-0404,Jessica,Martin,2005-01-27,SCH-008,Hillwood High
10405,STU-0405,Thomas,Jackson,2008-06-23,SCH-015,Brookfield High
10406,STU-0406,Thomas,Martinez,2009-06-16,SCH-013,Millbrook High
10407,STU-0407,Michael,Davis,2009-04-12,SCH-017,Fernwood High
10408,STU-0408,William,Wilson,2006-02-24,SCH-005,Capital High
10409,STU-0409,Linda,Martin,2012-06-20,SCH-007,Ridgemont High
10410,STU-0410,Charles,Martin,2012-05-02,SCH-016,Greendale High
10411,STU-0411,William,Lopez,2007-12-26,SCH-003,Ogdenville High
10412,STU-0412,Michael,Lopez,2012-12-12,SCH-016,Greendale High
10413,STU-0413,Mary,Martinez,2010-08-26,SCH-019,Crestwood High
10414,STU-0414,Karen,Davis,2012-03-14,SCH-016,Greendale High
10415,STU-0415,Sarah,Martin,2005-08-02,SCH-010,Kingsport High
10416,STU-0416,Thomas,Lopez,2012-06-11,SCH-013,Millbrook High
10417,STU-0417,Richard,Martinez,2009-12-20,SCH-016,Greendale High
10418,STU-0418,David,Smith,2007-05-27,SCH-017,Fernwood High
10419,STU-0419,Mary,Miller,2012-02-26,SCH-006,Westport High
10420,STU-0420,James,Lopez,2006-12-19,SCH-010,Kingsport High
10421,STU-0421,Patricia,Thomas,2010-04-05,SCH-004,NorthHaverbrook High
10422,STU-0422,Richard,Wilson,2007-12-21,SCH-003,Ogdenville High
10423,STU-0423,Michael,Anderson,2012-01-22,SCH-012,Riverdale High
10424,STU-0424,Jessica,Williams,2007-12-16,SCH-002,Shelbyville High
10425,STU-0425,Barbara,Anderson,2010-11-24,SCH-003,Ogdenville High
10426,STU-0426,Jessica,Gonzalez,2007-02-01,SCH-008,Hillwood High
10427,STU-0427,Sarah,Rodriguez,2005-01-27,SCH-005,Capital High
10428,STU-0428,William,Hernandez,2012-06-19,SCH-006,Westport High
10429,STU-0429,David,Miller,2011-07-27,SCH-011,Lakeside High
10430,STU-0430,Barbara,Lopez,2012-04-13,SCH-006,Westport High
10431,STU-0431,Michael,Wilson,2005-09-11,SCH-013,Millbrook High
10432,STU-0432,Jennifer,Martin,2006-11-25,SCH-001,Springfield High
10433,STU-0433,Barbara,Hernandez,2010-11-27,SCH-018,Sunnydale High
10434,STU-0434,David,Gonzalez,2011-10-21,SCH-004,NorthHaverbrook High
10435,STU-0435,Sarah,Gonzalez,2011-01-25,SCH-001,Springfield High
10436,STU-0436,Charles,Hernandez,2012-10-21,SCH-002,Shelbyville High
10437,STU-0437,James,Miller,2008-08-24,SCH-011,Lakeside High
10438,STU-0438,Barbara,Brown,2006-09-14,SCH-011,Lakeside High
10439,STU-0439,Jennifer,Lopez,2011-07-16,SCH-004,NorthHaverbrook High
10440,STU-0440,Robert,Williams,2006-06-13,SCH-016,Greendale High
10441,STU-0441,Charles,Martinez,2006-08-07,SCH-016,Greendale High
10442,STU-0442,Joseph,Moore,2011-09-09,SCH-006,Westport High
10443,STU-0443,James,Anderson,2005-07-22,SCH-011,Lakeside High
10444,STU-0444,Mary,Rodriguez,2008-03-16,SCH-006,Westport High
10445,STU-0445,Barbara,Johnson,2009-10-10,SCH-010,Kingsport High
10446,STU-0446,David,Miller,2005-04-09,SCH-015,Brookfield High
10447,STU-0447,Linda,Jones,2007-03-04,SCH-020,Elmwood High
10448,STU-0448,Elizabeth,Garcia,2007-08-15,SCH-012,Riverdale High
10449,STU-0449,Barbara,Hernandez,2010-08-01,SCH-011,Lakeside High
10450,STU-0450,James,Thomas,2009-09-13,SCH-003,Ogdenville High
10451,STU-0451,Robert,Taylor,2011-03-01,SCH-013,Millbrook High
10452,STU-0452,Joseph,Jackson,2009-03-26,SCH-001,Springfield High
10453,STU-0453,Jessica,Jones,2011-08-05,SCH-018,Sunnydale High
10454,STU-0454,Karen,Martin,2007-02-03,SCH-005,Capital High
10455,STU-0455,Michael,Jackson,2008-12-04,SCH-006,Westport High
10456,STU-0456,Barbara,Gonzalez,2012-08-10,SCH-006,Westport High
10457,STU-0457,Charles,Smith,2012-03-12,SCH-019,Crestwood High
10458,STU-0458,William,Anderson,2011-10-28,SCH-007,Ridgemont High
10459,STU-0459,Robert,Martin,2009-01-01,SCH-002,Shelbyville High
10460,STU-0460,Joseph,Anderson,2009-12-25,SCH-005,Capital High
10461,STU-0461,Robert,Thomas,2005-06-11,SCH-014,Oakdale High
10462,STU-0462,Richard,Smith,2005-02-10,SCH-009,Fairview High
10463,STU-0463,Jennifer,Jackson,2006-11-23,SCH-005,Capital High
10464,STU-0464,Joseph,Martinez,2012-03-19,SCH-011,Lakeside High
10465,STU-0465,Susan,Martinez,2012-02-12,SCH-003,Ogdenville High
10466,STU-0466,Linda,Thomas,2012-02-12,SCH-003,Ogdenville High
10467,STU-0467,Mary,Miller,2011-01-11,SCH-017,Fernwood High
10468,STU-0468,Elizabeth,Martinez,2012-12-07,SCH-016,Greendale High
10469,STU-0469,William,Brown,2010-01-06,SCH-020,Elmwood High
10470,STU-0470,Elizabeth,Rodriguez,2011-09-02,SCH-006,Westport High
10471,STU-0471,Linda,Moore,2008-06-04,SCH-007,Ridgemont High
10472,STU-0472,Richard,Taylor,2011-08-01,SCH-003,Ogdenville High
10473,STU-0473,Jessica,Taylor,2007-07-03,SCH-007,Ridgemont High
10474,STU-0474,Mary,Miller,2012-08-20,SCH-002,Shelbyville High
10475,STU-0475,William,Anderson,2008-05-14,SCH-015,Brookfield High
10476,STU-0476,Joseph,Anderson,2011-07-03,SCH-010,Kingsport High
10477,STU-0477,Joseph,Hernandez,2008-02-28,SCH-009,Fairview High
10478,STU-0478,Karen,Wilson,2007-08-10,SCH-001,Springfield High
10479,STU-0479,Charles,Jones,2006-11-23,SCH-015,Brookfield High
10480,STU-0480,Mary,Johnson,2008-06-08,SCH-008,Hillwood High
10481,STU-0481,Jessica,Williams,2007-02-04,SCH-001,Springfield High
10482,STU-0482,William,Wilson,2005-02-12,SCH-001,Springfield High
10483,STU-0483,Jessica,Brown,2011-10-25,SCH-019,Crestwood High
10484,STU-0484,Joseph,Brown,2010-10-25,SCH-016,Greendale High
10485,STU-0485,John,Johnson,2010-05-05,SCH-008,Hillwood High
10486,STU-0486,Linda,Taylor,2010-09-27,SCH-015,Brookfield High
10487,STU-0487,Thomas,Williams,2010-07-03,SCH-002,Shelbyville High
10488,STU-0488,Joseph,Martinez,2006-12-27,SCH-010,Kingsport High
10489,STU-0489,Barbara,Williams,2012-12-01,SCH-011,Lakeside High
10490,STU-0490,Linda,Anderson,2007-10-13,SCH-009,Fairview High
10491,STU-0491,Barbara,Wilson,2010-12-28,SCH-013,Millbrook High
10492,STU-0492,Robert,Moore,2008-03-26,SCH-009,Fairview High
10493,STU-0493,Karen,Taylor,2007-07-10,SCH-007,Ridgemont High
10494,STU-0494,James,Jackson,2009-08-19,SCH-015,Brookfield High
10495,STU-0495,Elizabeth,Davis,2011-02-04,SCH-002,Shelbyville High
10496,STU-0496,Patricia,Thomas,2007-09-09,SCH-016,Greendale High
10497,STU-0497,Jennifer,Williams,2011-03-05,SCH-015,Brookfield High
10498,STU-0498,Joseph,Miller,2008-07-25,SCH-015,Brookfield High
10499,STU-0499,Jessica,Thomas,2005-10-28,SCH-002,Shelbyville High
10500,STU-0500,Michael,Smith,2010-02-03,SCH-002,Shelbyville High
10501,STU-0501,Charles,Taylor,2010-07-27,SCH-008,Hillwood High
10502,STU-0502,James,Jackson,2008-11-13,SCH-017,Fernwood High
10503,STU-0503,Joseph,Jackson,2006-08-15,SCH-001,Springfield High
10504,STU-0504,Michael,Anderson,2006-03-13,SCH-001,Springfield High
10505,STU-0505,Robert,Rodriguez,2009-01-09,SCH-001,Springfield High
10506,STU-0506,David,Williams,2006-05-03,SCH-013,Millbrook High
10507,STU-0507,Elizabeth,Davis,2007-02-17,SCH-006,Westport High
10508,STU-0508,Elizabeth,Johnson,2011-05-25,SCH-002,Shelbyville High
10509,STU-0509,Jennifer,Johnson,2006-01-06,SCH-017,Fernwood High
10510,STU-0510,Elizabeth,Thomas,2007-04-06,SCH-013,Millbrook High
10511,STU-0511,Karen,Jackson,2010-06-12,SCH-005,Capital High
10512,STU-0512,Jessica,Jones,2005-08-26,SCH-004,NorthHaverbrook High
10513,STU-0513,James,Jones,2006-11-12,SCH-009,Fairview High
10514,STU-0514,John,Hernandez,2010-10-03,SCH-016,Greendale High
10515,STU-0515,Joseph,Wilson,2005-02-15,SCH-008,Hillwood High
10516,STU-0516,Karen,Martinez,2010-10-06,SCH-010,Kingsport High
10517,STU-0517,David,Moore,2005-08-12,SCH-004,NorthHaverbrook High
10518,STU-0518,Linda,Brown,2009-07-10,SCH-012,Riverdale High
10519,STU-0519,Susan,Lopez,2011-11-08,SCH-014,Oakdale High
10520,STU-0520,Linda,Rodriguez,2012-11-04,SCH-017,Fernwood High
10521,STU-0521,Joseph,Taylor,2008-09-13,SCH-004,NorthHaverbrook High
10522,STU-0522,Mary,Wilson,2011-01-28,SCH-006,Westport High
10523,STU-0523,Sarah,Rodriguez,2005-07-25,SCH-011,Lakeside High
10524,STU-0524,Thomas,Jackson,2005-09-04,SCH-014,Oakdale High
10525,STU-0525,Joseph,Lopez,2012-03-03,SCH-007,Ridgemont High
10526,STU-0526,William,Rodriguez,2012-03-09,SCH-009,Fairview High
10527,STU-0527,Jessica,Johnson,2008-06-13,SCH-011,Lakeside High
10528,STU-0528,Jessica,Martin,2008-01-24,SCH-018,Sunnydale High
10529,STU-0529,Michael,Johnson,2008-05-12,SCH-014,Oakdale High
10530,STU-0530,Mary,Martin,2008-10-17,SCH-019,Crestwood High
10531,STU-0531,Karen,Moore,2011-09-04,SCH-011,Lakeside High
10532,STU-0532,Thomas,Taylor,2010-08-25,SCH-010,Kingsport High
10533,STU-0533,Jessica,Davis,2008-09-18,SCH-014,Oakdale High
10534,STU-0534,Mary,Wilson,2012-11-15,SCH-011,Lakeside High
10535,STU-0535,Barbara,Rodriguez,2006-02-09,SCH-001,Springfield High
10536,STU-0536,Mary,Rodriguez,2008-10-21,SCH-011,Lakeside High
10537,STU-0537,Susan,Martin,2008-12-08,SCH-012,Riverdale High
10538,STU-0538,Karen,Miller,2009-07-01,SCH-015,Brookfield High
10539,STU-0539,Elizabeth,Smith,2006-08-16,SCH-012,Riverdale High
10540,STU-0540,James,Hernandez,2006-10-01,SCH-014,Oakdale High
10541,STU-0541,Richard,Garcia,2011-11-09,SCH-003,Ogdenville High
10542,STU-0542,Joseph,Miller,2011-03-03,SCH-004,NorthHaverbrook High
10543,STU-0543,Linda,Brown,2011-09-09,SCH-010,Kingsport High
10544,STU-0544,David,Brown,2008-01-10,SCH-005,Capital High
10545,STU-0545,Thomas,Jones,2005-02-26,SCH-002,Shelbyville High
10546,STU-0546,Karen,Rodriguez,2009-10-28,SCH-012,Riverdale High
10547,STU-0547,Jessica,Rodriguez,2008-12-17,SCH-017,Fernwood High
10548,STU-0548,David,Jackson,2005-11-28,SCH-001,Springfield High
10549,STU-0549,Michael,Miller,2012-12-04,SCH-003,Ogdenville High
10550,STU-0550,James,Jackson,2009-01-26,SCH-009,Fairview High
10551,STU-0551,Jessica,Wilson,2005-09-09,SCH-016,Greendale High
10552,STU-0552,Susan,Wilson,2012-09-22,SCH-006,Westport High
10553,STU-0553,Thomas,Lopez,2011-01-26,SCH-015,Brookfield High
10554,STU-0554,Richard,Martin,2010-05-07,SCH-016,Greendale High
10555,STU-0555,Susan,Martinez,2008-06-15,SCH-012,Riverdale High
10556,STU-0556,Mary,Lopez,2011-05-02,SCH-015,Brookfield High
10557,STU-0557,Linda,Smith,2009-07-17,SCH-012,Riverdale High
10558,STU-0558,Barbara,Jackson,2008-02-26,SCH-004,NorthHaverbrook High
10559,STU-0559,Joseph,Davis,2008-08-08,SCH-003,Ogdenville High
10560,STU-0560,Elizabeth,Jackson,2005-10-26,SCH-009,Fairview High
10561,STU-0561,Thomas,Martin,2007-08-09,SCH-007,Ridgemont High
10562,STU-0562,Elizabeth,Wilson,2008-07-25,SCH-013,Millbrook High
10563,STU-0563,Jennifer,Moore,2012-01-14,SCH-009,Fairview High
10564,STU-0564,David,Moore,2005-08-06,SCH-008,Hillwood High
10565,STU-0565,Susan,Williams,2005-06-28,SCH-019,Crestwood High
10566,STU-0566,Michael,Jackson,2009-04-28,SCH-009,Fairview High
10567,STU-0567,Charles,Wilson,2009-07-06,SCH-019,Crestwood High
10568,STU-0568,Charles,Johnson,2008-05-07,SCH-010,Kingsport High
10569,STU-0569,Thomas,Brown,2005-06-13,SCH-001,Springfield High
10570,STU-0570,Thomas,Martin,2009-01-24,SCH-007,Ridgemont High
10571,STU-0571,Joseph,Jackson,2006-05-02,SCH-012,Riverdale High
10572,STU-0572,William,Brown,2009-03-03,SCH-012,Riverdale High
10573,STU-0573,Jessica,Taylor,2012-12-20,SCH-011,Lakeside High
10574,STU-0574,Charles,Anderson,2008-05-06,SCH-002,Shelbyville High
10575,STU-0575,William,Gonzalez,2011-11-16,SCH-003,Ogdenville High
10576,STU-0576,Joseph,Gonzalez,2008-08-13,SCH-001,Springfield High
10577,STU-0577,Jennifer,Martinez,2010-02-05,SCH-014,Oakdale High
10578,STU-0578,Thomas,Martinez,2010-07-16,SCH-011,Lakeside High
10579,STU-0579,Sarah,Martinez,2011-06-01,SCH-018,Sunnydale High
10580,STU-0580,Joseph,Wilson,2009-04-10,SCH-016,Greendale High
10581,STU-0581,Elizabeth,Brown,2010-03-17,SCH-010,Kingsport High
10582,STU-0582,Karen,Miller,2007-01-07,SCH-012,Riverdale High
10583,STU-0583,William,Moore,2008-01-24,SCH-008,Hillwood High
10584,STU-0584,William,Garcia,2011-11-02,SCH-013,Millbrook High
10585,STU-0585,Thomas,Davis,2011-01-04,SCH-010,Kingsport High
10586,STU-0586,Sarah,Johnson,2006-05-04,SCH-013,Millbrook High
10587,STU-0587,Sarah,Taylor,2011-03-07,SCH-011,Lakeside High
10588,STU-0588,Thomas,Wilson,2009-08-02,SCH-011,Lakeside High
10589,STU-0589,Jessica,Smith,2011-10-20,SCH-011,Lakeside High
10590,STU-0590,Richard,Williams,2011-06-18,SCH-002,Shelbyville High
10591,STU-0591,Mary,Taylor,2011-10-14,SCH-011,Lakeside High
10592,STU-0592,Susan,Martin,2012-12-06,SCH-003,Ogdenville High
10593,STU-0593,Jessica,Rodriguez,2012-06-19,SCH-004,NorthHaverbrook High
10594,STU-0594,Susan,Lopez,2007-07-27,SCH-006,Westport High
10595,STU-0595,Robert,Rodriguez,2011-06-21,SCH-015,Brookfield High
10596,STU-0596,Thomas,Gonzalez,2005-12-25,SCH-003,Ogdenville High
10597,STU-0597,Mary,Rodriguez,2012-11-08,SCH-010,Kingsport High
10598,STU-0598,Charles,Jones,2005-09-14,SCH-002,Shelbyville High
10599,STU-0599,Elizabeth,Hernandez,2010-07-27,SCH-014,Oakdale High
10600,STU-0600,Sarah,Garcia,2010-03-27,SCH-005,Capital High
10601,STU-0601,Jessica,Johnson,2009-09-05,SCH-020,Elmwood High
10602,STU-0602,David,Rodriguez,2006-12-07,SCH-010,Kingsport High
10603,STU-0603,Robert,Smith,2007-09-15,SCH-017,Fernwood High
10604,STU-0604,Jessica,Wilson,2012-10-02,SCH-002,Shelbyville High
10605,STU-0605,Charles,Miller,2009-04-09,SCH-015,Brookfield High
10606,STU-0606,Richard,Lopez,2005-06-14,SCH-020,Elmwood High
10607,STU-0607,James,Williams,2009-02-01,SCH-014,Oakdale High
10608,STU-0608,Patricia,Wilson,2009-10-01,SCH-020,Elmwood High
10609,STU-0609,Jessica,Martinez,2012-02-24,SCH-013,Millbrook High
10610,STU-0610,Jessica,Smith,2005-08-20,SCH-005,Capital High
10611,STU-0611,Robert,Moore,2011-01-11,SCH-013,Millbrook High
10612,STU-0612,Michael,Gonzalez,2005-01-09,SCH-013,Millbrook High
10613,STU-0613,Mary,Brown,2009-12-20,SCH-007,Ridgemont High
10614,STU-0614,Thomas,Martin,2006-09-26,SCH-017,Fernwood High
10615,STU-0615,Patricia,Johnson,2009-07-23,SCH-014,Oakdale High
10616,STU-0616,Charles,Thomas,2009-11-26,SCH-004,NorthHaverbrook High
10617,STU-0617,Charles,Jackson,2005-05-26,SCH-005,Capital High
10618,STU-0618,Elizabeth,Martin,2007-07-25,SCH-018,Sunnydale High
10619,STU-0619,David,Jackson,2006-05-18,SCH-014,Oakdale High
10620,STU-0620,Susan,Taylor,2010-03-21,SCH-002,Shelbyville High
10621,STU-0621,Patricia,Wilson,2005-06-09,SCH-006,Westport High
10622,STU-0622,John,Moore,2006-03-17,SCH-003,Ogdenville High
10623,STU-0623,Michael,Moore,2008-11-27,SCH-012,Riverdale High
10624,STU-0624,Joseph,Garcia,2010-12-06,SCH-005,Capital High
10625,STU-0625,Barbara,Thomas,2012-10-02,SCH-020,Elmwood High
10626,STU-0626,Elizabeth,Hernandez,2005-06-16,SCH-004,NorthHaverbrook High
10627,STU-0627,Michael,Martinez,2006-09-26,SCH-014,Oakdale High
10628,STU-0628,Barbara,Lopez,2011-01-10,SCH-005,Capital High
10629,STU-0629,Susan,Wilson,2009-07-21,SCH-015,Brookfield High
10630,STU-0630,Susan,Johnson,2006-05-07,SCH-001,Springfield High
10631,STU-0631,Susan,Davis,2010-01-07,SCH-003,Ogdenville High
10632,STU-0632,James,Gonzalez,2005-08-07,SCH-020,Elmwood High
10633,STU-0633,Mary,Anderson,2006-07-19,SCH-010,Kingsport High
10634,STU-0634,Jennifer,Hernandez,2005-09-11,SCH-014,Oakdale High
10635,STU-0635,Jessica,Smith,2007-02-02,SCH-020,Elmwood High
10636,STU-0636,Jennifer,Brown,2012-11-20,SCH-005,Capital High
10637,STU-0637,Michael,Rodriguez,2011-05-12,SCH-013,Millbrook High
10638,STU-0638,David,Davis,2005-11-17,SCH-013,Millbrook High
10639,STU-0639,Linda,Garcia,2012-01-06,SCH-010,Kingsport High
10640,STU-0640,Sarah,Martinez,2006-11-10,SCH-009,Fairview High
10641,STU-0641,Sarah,Gonzalez,2005-03-25,SCH-013,Millbrook High
10642,STU-0642,Elizabeth,Williams,2012-12-27,SCH-001,Springfield High
10643,STU-0643,Barbara,Thomas,2005-02-27,SCH-010,Kingsport High
10644,STU-0644,David,Anderson,2011-03-23,SCH-015,Brookfield High
10645,STU-0645,Mary,Davis,2006-07-11,SCH-005,Capital High
10646,STU-0646,Patricia,Lopez,2008-10-20,SCH-001,Springfield High
10647,STU-0647,Sarah,Davis,2011-04-11,SCH-003,Ogdenville High
10648,STU-0648,William,Hernandez,2008-11-10,SCH-018,Sunnydale High
10649,STU-0649,Patricia,Johnson,2010-11-14,SCH-016,Greendale High
10650,STU-0650,Charles,Martin,2010-04-12,SCH-016,Greendale High
10651,STU-0651,James,Hernandez,2008-03-17,SCH-011,Lakeside High
10652,STU-0652,Charles,Wilson,2009-06-11,SCH-007,Ridgemont High
10653,STU-0653,John,Martinez,2011-09-01,SCH-004,NorthHaverbrook High
10654,STU-0654,Jessica,Miller,2005-10-03,SCH-004,NorthHaverbrook High
10655,STU-0655,Jessica,Jackson,2009-05-20,SCH-002,Shelbyville High
10656,STU-0656,Jessica,Garcia,2005-10-01,SCH-008,Hillwood High
10657,STU-0657,Barbara,Smith,2006-06-04,SCH-020,Elmwood High
10658,STU-0658,Patricia,Anderson,2011-05-25,SCH-007,Ridgemont High
10659,STU-0659,Susan,Jackson,2009-07-17,SCH-005,Capital High
10660,STU-0660,Michael,Jackson,2009-03-24,SCH-020,Elmwood High
10661,STU-0661,Susan,Jackson,2008-11-23,SCH-013,Millbrook High
10662,STU-0662,John,Jones,2010-11-22,SCH-002,Shelbyville High
10663,STU-0663,Mary,Martin,2010-08-28,SCH-012,Riverdale High
10664,STU-0664,Elizabeth,Williams,2009-12-04,SCH-004,NorthHaverbrook High
10665,STU-0665,Barbara,Jackson,2010-05-10,SCH-001,Springfield High
10666,STU-0666,Linda,Jackson,2005-10-25,SCH-006,Westport High
10667,STU-0667,Richard,Rodriguez,2005-05-08,SCH-020,Elmwood High
10668,STU-0668,Robert,Johnson,2010-04-12,SCH-007,Ridgemont High
10669,STU-0669,James,Smith,2012-01-08,SCH-010,Kingsport High
10670,STU-0670,Joseph,Davis,2008-01-04,SCH-010,Kingsport High
10671,STU-0671,Jessica,Smith,2008-06-24,SCH-008,Hillwood High
10672,STU-0672,Jennifer,Wilson,2007-08-24,SCH-011,Lakeside High
10673,STU-0673,John,Jones,2006-08-25,SCH-006,Westport High
10674,STU-0674,Linda,Jones,2007-09-25,SCH-013,Millbrook High
10675,STU-0675,Jessica,Rodriguez,2006-10-11,SCH-015,Brookfield High
10676,STU-0676,Richard,Garcia,2006-06-07,SCH-015,Brookfield High
10677,STU-0677,Karen,Williams,2008-05-07,SCH-004,NorthHaverbrook High
10678,STU-0678,Charles,Wilson,2010-11-26,SCH-007,Ridgemont High
10679,STU-0679,Mary,Hernandez,2005-03-11,SCH-013,Millbrook High
10680,STU-0680,Patricia,Rodriguez,2007-11-04,SCH-011,Lakeside High
10681,STU-0681,Barbara,Johnson,2012-03-12,SCH-008,Hillwood High
10682,STU-0682,William,Taylor,2011-09-27,SCH-004,NorthHaverbrook High
10683,STU-0683,Mary,Thomas,2008-09-20,SCH-019,Crestwood High
10684,STU-0684,William,Davis,2006-04-13,SCH-014,Oakdale High
10685,STU-0685,Charles,Hernandez,2009-11-28,SCH-011,Lakeside High
10686,STU-0686,Susan,Anderson,2010-11-09,SCH-010,Kingsport High
10687,STU-0687,John,Gonzalez,2008-02-27,SCH-018,Sunnydale High
10688,STU-0688,James,Jackson,2006-05-24,SCH-011,Lakeside High
10689,STU-0689,Thomas,Garcia,2007-09-20,SCH-001,Springfield High
10690,STU-0690,Michael,Martin,2012-10-03,SCH-015,Brookfield High
10691,STU-0691,Jessica,Thomas,2007-02-07,SCH-019,Crestwood High
10692,STU-0692,Jessica,Rodriguez,2009-09-07,SCH-003,Ogdenville High
10693,STU-0693,Thomas,Martin,2006-06-21,SCH-013,Millbrook High
10694,STU-0694,Joseph,Gonzalez,2006-01-12,SCH-011,Lakeside High
10695,STU-0695,Patricia,Gonzalez,2006-10-10,SCH-012,Riverdale High
10696,STU-0696,Thomas,Wilson,2010-10-01,SCH-006,Westport High
10697,STU-0697,James,Miller,2010-01-05,SCH-004,NorthHaverbrook High
10698,STU-0698,David,Martinez,2010-09-24,SCH-007,Ridgemont High
10699,STU-0699,Jennifer,Anderson,2010-11-21,SCH-014,Oakdale High
10700,STU-0700,Sarah,Taylor,2005-04-24,SCH-006,Westport High
10701,STU-0701,James,Gonzalez,2005-12-04,SCH-016,Greendale High
10702,STU-0702,John,Miller,2012-02-27,SCH-020,Elmwood High
10703,STU-0703,Linda,Martin,2010-06-07,SCH-004,NorthHaverbrook High
10704,STU-0704,Joseph,Gonzalez,2009-08-19,SCH-015,Brookfield High
10705,STU-0705,John,Rodriguez,2009-02-21,SCH-009,Fairview High
10706,STU-0706,Charles,Martinez,2007-06-23,SCH-010,Kingsport High
10707,STU-0707,Elizabeth,Miller,2009-05-18,SCH-014,Oakdale High
10708,STU-0708,James,Rodriguez,2008-09-02,SCH-012,Riverdale High
10709,STU-0709,William,Miller,2005-08-11,SCH-016,Greendale High
10710,STU-0710,Linda,Garcia,2008-06-11,SCH-007,Ridgemont High
10711,STU-0711,Michael,Hernandez,2009-07-06,SCH-003,Ogdenville High
10712,STU-0712,James,Jones,2010-09-07,SCH-011,Lakeside High
10713,STU-0713,David,Smith,2011-01-18,SCH-009,Fairview High
10714,STU-0714,John,Davis,2010-06-26,SCH-015,Brookfield High
10715,STU-0715,Barbara,Johnson,2009-01-10,SCH-014,Oakdale High
10716,STU-0716,Elizabeth,Garcia,2005-06-05,SCH-011,Lakeside High
10717,STU-0717,Jennifer,Anderson,2008-09-02,SCH-013,Millbrook High
10718,STU-0718,Robert,Anderson,2010-10-17,SCH-004,NorthHaverbrook High
10719,STU-0719,Patricia,Jones,2011-08-25,SCH-014,Oakdale High
10720,STU-0720,Susan,Hernandez,2012-09-08,SCH-020,Elmwood High
10721,STU-0721,Joseph,Jones,2005-05-07,SCH-011,Lakeside High
10722,STU-0722,Barbara,Jackson,2005-09-12,SCH-017,Fernwood High
10723,STU-0723,Elizabeth,Johnson,2012-02-17,SCH-008,Hillwood High
10724,STU-0724,Susan,Thomas,2007-06-09,SCH-017,Fernwood High
10725,STU-0725,Jennifer,Miller,2007-04-01,SCH-010,Kingsport High
10726,STU-0726,Karen,Rodriguez,2009-09-12,SCH-011,Lakeside High
10727,STU-0727,Robert,Brown,2010-04-16,SCH-018,Sunnydale High
10728,STU-0728,Karen,Thomas,2012-10-22,SCH-008,Hillwood High
10729,STU-0729,Barbara,Williams,2011-09-26,SCH-017,Fernwood High
10730,STU-0730,Richard,Wilson,2012-03-13,SCH-004,NorthHaverbrook High
10731,STU-0731,David,Moore,2007-01-15,SCH-013,Millbrook High
10732,STU-0732,Elizabeth,Lopez,2011-01-21,SCH-010,Kingsport High
10733,STU-0733,Elizabeth,Jones,2006-10-17,SCH-001,Springfield High
10734,STU-0734,Michael,Brown,2012-09-08,SCH-013,Millbrook High
10735,STU-0735,Charles,Garcia,2005-10-26,SCH-003,Ogdenville High
10736,STU-0736,Richard,Miller,2008-05-21,SCH-001,Springfield High
10737,STU-0737,Jennifer,Garcia,2010-12-02,SCH-011,Lakeside High
10738,STU-0738,Sarah,Jones,2010-02-22,SCH-002,Shelbyville High
10739,STU-0739,James,Williams,2006-12-06,SCH-005,Capital High
10740,STU-0740,Sarah,Gonzalez,2012-11-25,SCH-006,Westport High
10741,STU-0741,Michael,Davis,2008-03-25,SCH-009,Fairview High
10742,STU-0742,John,Martinez,2012-05-03,SCH-017,Fernwood High
10743,STU-0743,Richard,Gonzalez,2006-09-09,SCH-014,Oakdale High
10744,STU-0744,Barbara,Williams,2008-04-01,SCH-004,NorthHaverbrook High
10745,STU-0745,Michael,Jackson,2005-03-27,SCH-010,Kingsport High
10746,STU-0746,Jennifer,Williams,2012-06-20,SCH-020,Elmwood High
10747,STU-0747,Michael,Thomas,2011-11-08,SCH-013,Millbrook High
10748,STU-0748,Linda,Martin,2007-06-04,SCH-017,Fernwood High
10749,STU-0749,James,Hernandez,2012-06-13,SCH-002,Shelbyville High
10750,STU-0750,Mary,Martin,2010-09-17,SCH-016,Greendale High
10751,STU-0751,Barbara,Williams,2008-02-25,SCH-018,Sunnydale High
10752,STU-0752,Jennifer,Martinez,2012-01-14,SCH-020,Elmwood High
10753,STU-0753,John,Wilson,2006-02-12,SCH-007,Ridgemont High
10754,STU-0754,Patricia,Garcia,2008-06-23,SCH-006,Westport High
10755,STU-0755,Mary,Martinez,2008-10-01,SCH-015,Brookfield High
10756,STU-0756,Michael,Taylor,2009-06-17,SCH-007,Ridgemont High
10757,STU-0757,Jessica,Garcia,2008-02-13,SCH-004,NorthHaverbrook High
10758,STU-0758,Susan,Taylor,2007-11-24,SCH-005,Capital High
10759,STU-0759,Richard,Davis,2008-07-01,SCH-019,Crestwood High
10760,STU-0760,John,Martin,2010-02-21,SCH-008,Hillwood High
10761,STU-0761,Thomas,Martin,2008-11-22,SCH-011,Lakeside High
10762,STU-0762,William,Taylor,2009-10-16,SCH-002,Shelbyville High
10763,STU-0763,Barbara,Brown,2008-02-04,SCH-005,Capital High
10764,STU-0764,Jennifer,Martinez,2008-09-17,SCH-017,Fernwood High
10765,STU-0765,Karen,Wilson,2010-09-12,SCH-005,Capital High
10766,STU-0766,Susan,Jones,2011-08-25,SCH-015,Brookfield High
10767,STU-0767,Michael,Miller,2011-02-25,SCH-018,Sunnydale High
10768,STU-0768,Mary,Wilson,2010-03-15,SCH-012,Riverdale High
10769,STU-0769,Mary,Gonzalez,2008-07-04,SCH-016,Greendale High
10770,STU-0770,Susan,Williams,2005-11-08,SCH-017,Fernwood High
10771,STU-0771,Mary,Moore,2011-05-25,SCH-015,Brookfield High
10772,STU-0772,Jessica,Anderson,2012-01-04,SCH-015,Brookfield High
10773,STU-0773,Michael,Martin,2010-11-10,SCH-010,Kingsport High
10774,STU-0774,Michael,Smith,2010-10-27,SCH-015,Brookfield High
10775,STU-0775,Thomas,Smith,2012-12-19,SCH-008,Hillwood High
10776,STU-0776,Charles,Lopez,2011-11-17,SCH-018,Sunnydale High
10777,STU-0777,Elizabeth,Anderson,2007-04-26,SCH-007,Ridgemont High
10778,STU-0778,Joseph,Garcia,2007-05-15,SCH-003,Ogdenville High
10779,STU-0779,John,Jackson,2009-09-20,SCH-005,Capital High
10780,STU-0780,Richard,Jones,2009-06-25,SCH-007,Ridgemont High
10781,STU-0781,Karen,Anderson,2009-05-25,SCH-005,Capital High
10782,STU-0782,Patricia,Gonzalez,2006-07-26,SCH-013,Millbrook High
10783,STU-0783,Barbara,Garcia,2011-05-21,SCH-001,Springfield High
10784,STU-0784,Barbara,Martinez,2011-11-24,SCH-009,Fairview High
10785,STU-0785,Robert,Wilson,2009-05-11,SCH-009,Fairview High
10786,STU-0786,Patricia,Johnson,2008-05-28,SCH-011,Lakeside High
10787,STU-0787,William,Martinez,2005-06-23,SCH-013,Millbrook High
10788,STU-0788,Karen,Martin,2009-08-02,SCH-008,Hillwood High
10789,STU-0789,Sarah,Smith,2007-05-23,SCH-003,Ogdenville High
10790,STU-0790,Patricia,Wilson,2009-03-13,SCH-010,Kingsport High
10791,STU-0791,Patricia,Miller,2012-12-11,SCH-003,Ogdenville High
10792,STU-0792,David,Martin,2010-09-16,SCH-004,NorthHaverbrook High
10793,STU-0793,Robert,Anderson,2012-10-14,SCH-020,Elmwood High
10794,STU-0794,Karen,Moore,2007-09-20,SCH-009,Fairview High
10795,STU-0795,Barbara,Brown,2007-06-14,SCH-002,Shelbyville High
10796,STU-0796,James,Taylor,2006-12-10,SCH-008,Hillwood High
10797,STU-0797,Robert,Hernandez,2006-02-23,SCH-012,Riverdale High
10798,STU-0798,John,Thomas,2007-01-24,SCH-003,Ogdenville High
10799,STU-0799,Robert,Martin,2008-04-21,SCH-008,Hillwood High
10800,STU-0800,Jennifer,Wilson,2007-08-08,SCH-012,Riverdale High
10801,STU-0801,Thomas,Rodriguez,2008-03-03,SCH-003,Ogdenville High
10802,STU-0802,Mary,Garcia,2011-02-20,SCH-010,Kingsport High
10803,STU-0803,Richard,Johnson,2007-09-11,SCH-018,Sunnydale High
10804,STU-0804,Patricia,Wilson,2012-06-20,SCH-002,Shelbyville High
10805,STU-0805,Joseph,Taylor,2008-10-25,SCH-008,Hillwood High
10806,STU-0806,Patricia,Jackson,2005-06-02,SCH-019,Crestwood High
10807,STU-0807,Patricia,Johnson,2009-01-18,SCH-011,Lakeside High
10808,STU-0808,Jennifer,Garcia,2005-02-14,SCH-007,Ridgemont High
10809,STU-0809,Charles,Jackson,2007-03-13,SCH-003,Ogdenville High
10810,STU-0810,Susan,Lopez,2010-04-13,SCH-019,Crestwood High
10811,STU-0811,Barbara,Thomas,2006-09-26,SCH-012,Riverdale High
10812,STU-0812,Jennifer,Jones,2008-03-05,SCH-017,Fernwood High
10813,STU-0813,Mary,Gonzalez,2005-04-21,SCH-013,Millbrook High
10814,STU-0814,Jennifer,Martinez,2011-06-12,SCH-019,Crestwood High
10815,STU-0815,Thomas,Davis,2006-11-21,SCH-020,Elmwood High
10816,STU-0816,Patricia,Jackson,2007-04-24,SCH-001,Springfield High
10817,STU-0817,Charles,Wilson,2011-03-06,SCH-014,Oakdale High
10818,STU-0818,David,Davis,2010-02-13,SCH-004,NorthHaverbrook High
10819,STU-0819,Jennifer,Garcia,2011-07-12,SCH-009,Fairview High
10820,STU-0820,David,Johnson,2007-11-28,SCH-016,Greendale High
10821,STU-0821,Thomas,Martinez,2011-06-17,SCH-003,Ogdenville High
10822,STU-0822,Richard,Jones,2010-05-23,SCH-008,Hillwood High
10823,STU-0823,Robert,Thomas,2007-04-14,SCH-001,Springfield High
10824,STU-0824,Charles,Jones,2011-02-25,SCH-013,Millbrook High
10825,STU-0825,Barbara,Smith,2008-11-02,SCH-011,Lakeside High
10826,STU-0826,Sarah,Anderson,2007-06-22,SCH-001,Springfield High
10827,STU-0827,Mary,Martinez,2008-12-15,SCH-009,Fairview High
10828,STU-0828,Thomas,Johnson,2012-06-16,SCH-001,Springfield High
10829,STU-0829,Robert,Miller,2011-08-08,SCH-018,Sunnydale High
10830,STU-0830,Thomas,Miller,2009-11-06,SCH-013,Millbrook High
10831,STU-0831,David,Taylor,2009-06-26,SCH-006,Westport High
10832,STU-0832,Jennifer,Taylor,2005-04-27,SCH-004,NorthHaverbrook High
10833,STU-0833,Charles,Moore,2009-05-17,SCH-007,Ridgemont High
10834,STU-0834,Joseph,Jackson,2009-06-13,SCH-008,Hillwood High
10835,STU-0835,Jennifer,Rodriguez,2011-01-16,SCH-020,Elmwood High
10836,STU-0836,Sarah,Jackson,2012-03-08,SCH-002,Shelbyville High
10837,STU-0837,Jennifer,Hernandez,2005-03-08,SCH-008,Hillwood High
10838,STU-0838,Barbara,Lopez,2008-08-14,SCH-007,Ridgemont High
10839,STU-0839,Patricia,Martinez,2009-10-14,SCH-001,Springfield High
10840,STU-0840,Jennifer,Taylor,2011-05-04,SCH-016,Greendale High
10841,STU-0841,Jennifer,Anderson,2012-06-17,SCH-013,Millbrook High
10842,STU-0842,Patricia,Johnson,2007-11-09,SCH-001,Springfield High
10843,STU-0843,David,Moore,2009-07-21,SCH-003,Ogdenville High
10844,STU-0844,Linda,Lopez,2008-01-10,SCH-002,Shelbyville High
10845,STU-0845,Charles,Hernandez,2007-10-06,SCH-016,Greendale High
10846,STU-0846,John,Johnson,2009-04-25,SCH-004,NorthHaverbrook High
10847,STU-0847,David,Martinez,2005-05-16,SCH-015,Brookfield High
10848,STU-0848,David,Gonzalez,2008-11-27,SCH-008,Hillwood High
10849,STU-0849,James,Moore,2012-08-12,SCH-019,Crestwood High
10850,STU-0850,Richard,Davis,2010-10-18,SCH-002,Shelbyville High
10851,STU-0851,Linda,Johnson,2007-07-12,SCH-019,Crestwood High
10852,STU-0852,Robert,Brown,2012-07-18,SCH-001,Springfield High
10853,STU-0853,Joseph,Martinez,2010-04-05,SCH-009,Fairview High
10854,STU-0854,Elizabeth,Martin,2007-08-10,SCH-004,NorthHaverbrook High
10855,STU-0855,Michael,Lopez,2011-10-03,SCH-019,Crestwood High
10856,STU-0856,William,Martin,2011-04-20,SCH-011,Lakeside High
10857,STU-0857,Jennifer,Johnson,2006-02-09,SCH-005,Capital High
10858,STU-0858,Thomas,Martinez,2008-09-23,SCH-005,Capital High
10859,STU-0859,Robert,Johnson,2007-04-20,SCH-002,Shelbyville High
10860,STU-0860,Susan,Smith,2007-05-01,SCH-017,Fernwood High
10861,STU-0861,Richard,Jackson,2006-08-13,SCH-010,Kingsport High
10862,STU-0862,David,Jones,2011-12-12,SCH-001,Springfield High
10863,STU-0863,Mary,Smith,2006-02-03,SCH-003,Ogdenville High
10864,STU-0864,Barbara,Williams,2012-03-06,SCH-020,Elmwood High
10865,STU-0865,Jessica,Wilson,2010-04-06,SCH-007,Ridgemont High
10866,STU-0866,Charles,Brown,2011-09-25,SCH-020,Elmwood High
10867,STU-0867,Jennifer,Lopez,2009-05-22,SCH-011,Lakeside High
10868,STU-0868,Elizabeth,Taylor,2009-08-26,SCH-005,Capital High
10869,STU-0869,Michael,Davis,2006-03-16,SCH-004,NorthHaverbrook High
10870,STU-0870,Patricia,Moore,2007-05-17,SCH-001,Springfield High
10871,STU-0871,Charles,Miller,2005-01-05,SCH-015,Brookfield High
10872,STU-0872,Elizabeth,Jones,2008-12-11,SCH-019,Crestwood High
10873,STU-0873,Robert,Johnson,2012-02-10,SCH-008,Hillwood High
10874,STU-0874,Susan,Jones,2009-11-26,SCH-002,Shelbyville High
10875,STU-0875,Elizabeth,Miller,2008-02-02,SCH-010,Kingsport High
10876,STU-0876,Karen,Wilson,2007-12-23,SCH-004,NorthHaverbrook High
10877,STU-0877,Jennifer,Gonzalez,2007-06-08,SCH-004,NorthHaverbrook High
10878,STU-0878,William,Rodriguez,2006-01-04,SCH-018,Sunnydale High
10879,STU-0879,Joseph,Wilson,2012-09-24,SCH-020,Elmwood High
10880,STU-0880,Michael,Johnson,2011-07-16,SCH-017,Fernwood High
10881,STU-0881,Robert,Anderson,2012-12-11,SCH-012,Riverdale High
10882,STU-0882,Elizabeth,Williams,2010-12-14,SCH-016,Greendale High
10883,STU-0883,Patricia,Martin,2012-09-04,SCH-011,Lakeside High
10884,STU-0884,Mary,Williams,2008-12-22,SCH-007,Ridgemont High
10885,STU-0885,Patricia,Jackson,2007-08-15,SCH-012,Riverdale High
10886,STU-0886,Joseph,Miller,2010-07-14,SCH-012,Riverdale High
10887,STU-0887,William,Davis,2008-07-27,SCH-010,Kingsport High
10888,STU-0888,Mary,Smith,2005-12-22,SCH-019,Crestwood High
10889,STU-0889,Michael,Smith,2010-04-20,SCH-005,Capital High
10890,STU-0890,Barbara,Garcia,2008-06-03,SCH-010,Kingsport High
10891,STU-0891,Robert,Garcia,2012-10-25,SCH-018,Sunnydale High
10892,STU-0892,Elizabeth,Moore,2010-05-17,SCH-008,Hillwood High
10893,STU-0893,Mary,Thomas,2012-06-05,SCH-003,Ogdenville High
10894,STU-0894,Michael,Williams,2010-10-22,SCH-010,Kingsport High
10895,STU-0895,Elizabeth,Jones,2009-09-21,SCH-002,Shelbyville High
10896,STU-0896,Sarah,Smith,2007-11-03,SCH-015,Brookfield High
10897,STU-0897,Richard,Anderson,2010-03-02,SCH-001,Springfield High
10898,STU-0898,Mary,Moore,2007-11-16,SCH-009,Fairview High
10899,STU-0899,Barbara,Thomas,2008-11-22,SCH-007,Ridgemont High
10900,STU-0900,Elizabeth,Williams,2010-12-16,SCH-006,Westport High
10901,STU-0901,Susan,Thomas,2005-06-17,SCH-019,Crestwood High
10902,STU-0902,Patricia,Taylor,2005-12-19,SCH-004,NorthHaverbrook High
10903,STU-0903,Jennifer,Anderson,2009-08-27,SCH-018,Sunnydale High
10904,STU-0904,David,Williams,2012-11-13,SCH-002,Shelbyville High
10905,STU-0905,Barbara,Jones,2008-02-17,SCH-011,Lakeside High
10906,STU-0906,Robert,Jackson,2010-12-10,SCH-006,Westport High
10907,STU-0907,Robert,Brown,2009-07-23,SCH-010,Kingsport High
10908,STU-0908,Elizabeth,Wilson,2009-09-20,SCH-001,Springfield High
10909,STU-0909,Charles,Gonzalez,2011-06-17,SCH-012,Riverdale High
10910,STU-0910,James,Smith,2008-01-13,SCH-018,Sunnydale High
10911,STU-0911,Elizabeth,Rodriguez,2011-10-12,SCH-016,Greendale High
10912,STU-0912,Robert,Thomas,2005-06-15,SCH-019,Crestwood High
10913,STU-0913,Robert,Taylor,2007-05-01,SCH-020,Elmwood High
10914,STU-0914,John,Lopez,2006-10-02,SCH-009,Fairview High
10915,STU-0915,Karen,Taylor,2009-12-11,SCH-007,Ridgemont High
10916,STU-0916,John,Brown,2012-06-24,SCH-014,Oakdale High
10917,STU-0917,Richard,Thomas,2010-01-14,SCH-011,Lakeside High
10918,STU-0918,William,Jones,2008-08-10,SCH-006,Westport High
10919,STU-0919,Mary,Davis,2010-07-11,SCH-015,Brookfield High
10920,STU-0920,John,Johnson,2012-01-08,SCH-003,Ogdenville High
10921,STU-0921,Barbara,Jones,2008-11-28,SCH-012,Riverdale High
10922,STU-0922,Barbara,Wilson,2011-04-15,SCH-014,Oakdale High
10923,STU-0923,Linda,Smith,2011-09-06,SCH-007,Ridgemont High
10924,STU-0924,Jennifer,Martin,2010-12-11,SCH-019,Crestwood High
10925,STU-0925,Karen,Johnson,2010-09-07,SCH-018,Sunnydale High
10926,STU-0926,Patricia,Jones,2008-11-15,SCH-002,Shelbyville High
10927,STU-0927,Joseph,Hernandez,2010-08-13,SCH-004,NorthHaverbrook High
10928,STU-0928,Sarah,Gonzalez,2010-10-15,SCH-013,Millbrook High
10929,STU-0929,Patricia,Hernandez,2010-12-08,SCH-014,Oakdale High
10930,STU-0930,Jennifer,Gonzalez,2011-01-13,SCH-017,Fernwood High
10931,STU-0931,Thomas,Gonzalez,2005-10-05,SCH-001,Springfield High
10932,STU-0932,Elizabeth,Taylor,2011-04-20,SCH-019,Crestwood High
10933,STU-0933,David,Moore,2006-01-09,SCH-020,Elmwood High
10934,STU-0934,Michael,Brown,2005-05-23,SCH-002,Shelbyville High
10935,STU-0935,Thomas,Rodriguez,2005-11-27,SCH-015,Brookfield High
10936,STU-0936,Richard,Thomas,2011-01-12,SCH-007,Ridgemont High
10937,STU-0937,Joseph,Williams,2005-03-21,SCH-020,Elmwood High
10938,STU-0938,Susan,Williams,2010-01-17,SCH-018,Sunnydale High
10939,STU-0939,Karen,Taylor,2011-08-07,SCH-018,Sunnydale High
10940,STU-0940,Jennifer,Smith,2009-04-23,SCH-007,Ridgemont High
10941,STU-0941,John,Gonzalez,2005-08-18,SCH-011,Lakeside High
10942,STU-0942,Jessica,Anderson,2010-07-14,SCH-011,Lakeside High
10943,STU-0943,Susan,Moore,2005-07-27,SCH-003,Ogdenville High
10944,STU-0944,Thomas,Martin,2012-07-14,SCH-015,Brookfield High
10945,STU-0945,Linda,Thomas,2007-05-13,SCH-011,Lakeside High
10946,STU-0946,Joseph,Lopez,2010-03-28,SCH-004,NorthHaverbrook High
10947,STU-0947,Patricia,Taylor,2009-06-15,SCH-008,Hillwood High
10948,STU-0948,David,Williams,2008-03-16,SCH-005,Capital High
10949,STU-0949,Richard,Moore,2010-11-13,SCH-007,Ridgemont High
10950,STU-0950,William,Martinez,2006-06-02,SCH-019,Crestwood High
10951,STU-0951,Barbara,Taylor,2011-03-08,SCH-004,NorthHaverbrook High
10952,STU-0952,Elizabeth,Wilson,2007-09-27,SCH-002,Shelbyville High
10953,STU-0953,Robert,Jones,2011-11-02,SCH-013,Millbrook High
10954,STU-0954,James,Martin,2006-03-25,SCH-007,Ridgemont High
10955,STU-0955,James,Garcia,2011-06-02,SCH-006,Westport High
10956,STU-0956,Jennifer,Williams,2011-05-02,SCH-005,Capital High
10957,STU-0957,Jessica,Martin,2006-02-06,SCH-017,Fernwood High
10958,STU-0958,Jessica,Garcia,2007-07-20,SCH-004,NorthHaverbrook High
10959,STU-0959,Thomas,Williams,2006-08-11,SCH-012,Riverdale High
10960,STU-0960,Barbara,Lopez,2008-12-11,SCH-016,Greendale High
10961,STU-0961,Michael,Williams,2012-05-23,SCH-020,Elmwood High
10962,STU-0962,Sarah,Smith,2005-07-13,SCH-002,Shelbyville High
10963,STU-0963,Mary,Anderson,2009-07-19,SCH-011,Lakeside High
10964,STU-0964,David,Moore,2010-12-01,SCH-020,Elmwood High
10965,STU-0965,Elizabeth,Johnson,2008-12-08,SCH-015,Brookfield High
10966,STU-0966,Thomas,Davis,2007-04-13,SCH-010,Kingsport High
10967,STU-0967,Thomas,Davis,2012-07-21,SCH-012,Riverdale High
10968,STU-0968,Mary,Lopez,2009-04-09,SCH-002,Shelbyville High
10969,STU-0969,Jessica,Moore,2012-11-07,SCH-006,Westport High
10970,STU-0970,Barbara,Brown,2008-07-16,SCH-012,Riverdale High
10971,STU-0971,Elizabeth,Lopez,2011-03-26,SCH-014,Oakdale High
10972,STU-0972,Jessica,Davis,2010-04-10,SCH-017,Fernwood High
10973,STU-0973,Charles,Thomas,2008-12-17,SCH-003,Ogdenville High
10974,STU-0974,Richard,Jackson,2005-09-25,SCH-017,Fernwood High
10975,STU-0975,Elizabeth,Rodriguez,2006-12-11,SCH-014,Oakdale High
10976,STU-0976,Jennifer,Lopez,2009-03-22,SCH-004,NorthHaverbrook High
10977,STU-0977,Jennifer,Davis,2011-02-04,SCH-014,Oakdale High
10978,STU-0978,William,Taylor,2005-06-22,SCH-006,Westport High
10979,STU-0979,Mary,Martin,2012-04-23,SCH-012,Riverdale High
10980,STU-0980,David,Moore,2005-10-18,SCH-020,Elmwood High
10981,STU-0981,Patricia,Davis,2006-10-03,SCH-009,Fairview High
10982,STU-0982,David,Johnson,2006-06-13,SCH-009,Fairview High
10983,STU-0983,Thomas,Thomas,2008-03-21,SCH-006,Westport High
10984,STU-0984,Charles,Jackson,2010-01-24,SCH-001,Springfield High
10985,STU-0985,Thomas,Gonzalez,2007-11-22,SCH-020,Elmwood High
10986,STU-0986,Richard,Williams,2011-12-15,SCH-010,Kingsport High
10987,STU-0987,Thomas,Anderson,2011-01-17,SCH-012,Riverdale High
10988,STU-0988,Thomas,Lopez,2005-02-12,SCH-009,Fairview High
10989,STU-0989,Barbara,Hernandez,2010-07-10,SCH-013,Millbrook High
10990,STU-0990,Patricia,Martin,2006-07-01,SCH-010,Kingsport High
10991,STU-0991,Mary,Hernandez,2006-11-05,SCH-001,Springfield High
10992,STU-0992,Michael,Davis,2005-08-19,SCH-007,Ridgemont High
10993,STU-0993,Linda,Lopez,2010-08-08,SCH-011,Lakeside High
10994,STU-0994,Elizabeth,Thomas,2009-01-24,SCH-006,Westport High
10995,STU-0995,Robert,Anderson,2005-02-13,SCH-019,Crestwood High
10996,STU-0996,David,Brown,2009-01-16,SCH-001,Springfield High
10997,STU-0997,Susan,Brown,2009-11-26,SCH-016,Greendale High
10998,STU-0998,Joseph,Davis,2012-02-23,SCH-009,Fairview High
10999,STU-0999,Charles,Anderson,2007-05-25,SCH-018,Sunnydale High
11000,STU-1000,Susan,Moore,2008-07-02,SCH-015,Brookfield High
11001,STU-1001,John,Brown,2010-01-04,SCH-006,Westport High
11002,STU-1002,Richard,Johnson,2007-12-11,SCH-007,Ridgemont High
11003,STU-1003,David,Smith,2011-04-02,SCH-004,NorthHaverbrook High
11004,STU-1004,Linda,Williams,2008-08-18,SCH-002,Shelbyville High
11005,STU-1005,Barbara,Hernandez,2005-12-21,SCH-002,Shelbyville High
